job_id,company_name,title,description,max_salary,pay_period,location,company_id,views,med_salary,min_salary,formatted_work_type,applies,original_listed_time,remote_allowed,job_posting_url,application_url,application_type,expiry,closed_time,formatted_experience_level,skills_desc,listed_time,posting_domain,sponsored,work_type,currency,compensation_type,normalized_salary,zip_code,fips,source,company,salary_min,salary_max,country_code,extracted_skills,avg_salary
,,Marketing Analyst,"Job Description: Rakuten International is a division of Rakuten Group, Inc., a Japanese global technology leader in services that empower individuals, communities, businesses and society. Headquartered in San Mateo, California with more than 4,000 employees worldwide, the Rakuten International business portfolio includes market leaders in e-commerce, digital marketing, advertising, communications and entertainment. We create products and services that provide exceptional value by aligning membe…",,,Canada,,,,,,,,,,,,,,,,,,,,,,,,,adzuna_ca,Rakuten,63394.0,99112.0,ca,[],81253.0
,,Senior Marketing Analyst (Hybrid),"WHO WE ARE When it comes to health, we’re always looking for ways to push for better. It’s why we were founded in the first place. In 1957, our founder, pharmacist William Wilkinson, witnessed a mother sacrifice her health by forgoing her own medicine to pay for her sick daughter’s prescription. He knew there had to be a better way. So, he introduced North America’s first prepaid drug plan, and GreenShield was born as a not-for-profit with a mission to support better health for all Canadians. W…",,,Canada,,,,,,,,,,,,,,,,,,,,,,,,,adzuna_ca,GreenShield,72521.0,109341.0,ca,[],90931.0
,,Marketing Operations Analyst,"About Citylitics Inc. Citylitics delivers predictive intelligence on where, how, and why infrastructure investments will occur across North America. Infrastructure includes the foundational systems that shape our quality of life: water, transportation, transit, roads and highways, broadband, and power. It represents a multi-trillion-dollar market and a 20 year megatrend in North America. Citylitics transforms millions of documents across more than 40,000 cities, utilities, and public agencies i…",,,"Toronto, Ontario",,,,,,,,,,,,,,,,,,,,,,,,,adzuna_ca,Citylitics,50000.0,70000.0,ca,[],60000.0
,,Senior Marketing Science Analyst,"About Flipp Flipp partners with the largest North American retailers and brands to deliver local promotions and savings to millions of engaged shoppers daily, driving superior returns on investments. We help people make smarter shopping decisions with autonomy and accountability. With rising living costs, Flipp's mission is crucial. Our Shopper Consideration Platform allows retailers and manufacturers to create digital experiences from their savings & deals content, aiding shoppers in deciding …",,,Canada,,,,,,,,,,,,,,,,,,,,,,,,,adzuna_ca,Flipp,73000.0,83000.0,ca,[],78000.0
,,Senior Marketing Insights Analyst,"What do we do? Paddle offers digital product companies a completely different approach to their payment infrastructure. Instead of assembling and maintaining a complex stack of payments-related apps and services, we're a Merchant of Record for our customers. That means we take away 100% of the pain of payment fragmentation. It's faster, safer, cheaper, and, above all, way better. We're backed by investors including KKR, FTV Capital, Kindred, Notion, and 83North and serve over 6,000 software sel…",,,"Toronto, Ontario",,,,,,,,,,,,,,,,,,,,,,,,,adzuna_ca,Paddle,110775.0,144299.0,ca,[],127537.0
,,Marketing Operations Analyst (RevOps) - ShareGate,"About ShareGate ShareGate is the leading Microsoft 365 migration and governance platform, trusted by over 100,000 IT pros for its unmatched simplicity. It offers the simplest, most reliable, and most affordable way to move business data to Microsoft 365. Whether migrating from Google Workspace, file shares, Exchange Online, SharePoint On-Premises, or tenant-to-tenant, ShareGate gets the job done, without surprises. From cloud transformation to M&A integration, it keeps things just damn simple. …",,,Canada,,,,,,,,,,,,,,,,,,,,,,,,,adzuna_ca,ShareGate,110000.0,140000.0,ca,[],125000.0
,,Marketing Operations Analyst (RevOps) - ShareGate,"Company Description Workleap is a Montreal-based tech company, founded in 2006. We're builders at heart, we make simple products that actually matter to the people who use them. We have two product lines: Workleap Agent , our newest solution built to make every manager more effective, and ShareGate , the world's leading solution for Microsoft 365 migration and governance. More than 15,000 companies worldwide trust us to do exactly that. We're intentional about who joins us. If you're the kind o…",,,Canada,,,,,,,,,,,,,,,,,,,,,,,,,adzuna_ca,Workleap,110000.0,140000.0,ca,[],125000.0
,,"Senior Analyst, Marketing","Why Meridian? At Meridian our aspiration is to integrate our purpose into everything we do for people, the planet, and communities. We believe that our greatest opportunity is to create opportunity and meet people where they are. Factor us into your next career opportunity. We want you to grow with us and have an experience that’s different. This is a place where you can expect the unexpected. Find our story here: About Meridian The role: The Senior Marketing Analyst provides proactive, actiona…",,,"St. Catharines, Niagara",,,,,,,,,,,,,,,,,,,,,,,,,adzuna_ca,Meridian Credit Union Limited,59800.0,89800.0,ca,[],74800.0
,,"Financial Analyst, Marketing & Quotes","GroupQuest, a division of People Corporation, is looking for a Financial Analyst, Marketing & Quotes to join our team. One of our highest priorities is providing excellent service and creating long-lasting relationships. We were acquired by People Corporation in 2019 and appreciate the advantages of being part of Canada’s largest provider of employee benefits and employer services. Internally, we offer our employees opportunities for professional development and growth. As a Financial Analyst a…",,,"Burlington, Halton",,,,,,,,,,,,,,,,,,,,,,,,,adzuna_ca,People Corporation,55000.0,80000.0,ca,[],67500.0
,,Analyste Opérations Marketing (RevOps) - ShareGate,"À propos de Workleap Workleap est une entreprise tech montréalaise fondée en 2006. Bâtisseurs dans l'âme, on crée des produits simples qui font une réelle différence pour ceux qui les utilisent. On a deux lignes de produits : L'agent Workleap , notre nouvelle solution conçue pour aider chaque gestionnaire à être plus efficace et ShareGate , la référence mondiale de migration et de gouvernance Microsoft 365. Plus de 15 000 entreprises dans le monde nous font confiance pour faire exactement ça. O…",,,Canada,,,,,,,,,,,,,,,,,,,,,,,,,adzuna_ca,Workleap,140000.0,140000.0,ca,[],140000.0
,,Marketing Manager,"COMPANY SUMMARY Sapling Financial Consultants is a management consulting firm, founded in 2015. What started as an idea from a kitchen table has turned into a trusted advisor serving clients across North America. Headquartered in Toronto, Ontario, with a newly opened satellite offices in New York and Atlanta, Sapling is supported by a team of 30 professionals, delivering high-quality financial modelling, due diligence, interim FP&A and data analytics solutions tailored to mid-market companies, …",,,"North York, Toronto",,,,,,,,,,,,,,,,,,,,,,,,,adzuna_ca,Sapling Financial Consultants,80000.0,100000.0,ca,[],90000.0
,,"Business Analyst, Sales and Marketing Technology","JOB DESCRIPTION Compensation $55,700 - $104,600 Purpose Deliver value to our Business Partners by eliciting requirements, performing in-depth analysis, cross-functional collaboration, elaboration and documentation of user stories and acceptance criteria that address complex business requirements while working in an agile environment. Works across the full stack and possesses a flexible mindset and passion for analysis with strong analytical and problem-solving skills and a demonstrated “agile-d…",,,Canada,,,,,,,,,,,,,,,,,,,,,,,,,adzuna_ca,Sysco,55700.0,104600.0,ca,[],80150.0
,,"Associate Director, Content Marketing","Title: Associate Director, Content Marketing Department: Marketing Reporting to: Senior Director, Business Development & Marketing Location: Remote - Canada (Candidates based in British Columbia, Alberta, Manitoba, Saskatchewan, Ontario, Nova Scotia, or willing to relocate) Compensation: $102K - $130K CAD Who We Are: World Education Services (WES) is a non-profit social enterprise that supports the educational, economic, and social inclusion of immigrants, refugees, and international students. …",,,"Toronto Dominion Centre, City of Toronto",,,,,,,,,,,,,,,,,,,,,,,,,adzuna_ca,World Education Services,102000.0,130000.0,ca,[],116000.0
,,Senior Marketing Data Scientist / BI Reporting Analyst,"Description and Requirements Work Location: Hybrid Position Type: Contract, 12 months (potential for extension) Location: Toronto, ON, Canada Compensation Range: $50-56 per hour CAD Our Fortune 500 client is seeking a BI Reporting Analyst. We're looking for a Senior Marketing Data Scientist to help transform how we measure, optimize, and scale marketing investments across the customer lifecycle. In this role, you'll partner closely with Marketing, Product, Finance, Data Engineering, and Analyti…",,,Canada,,,,,,,,,,,,,,,,,,,,,,,,,adzuna_ca,Wilson,104000.0,116480.0,ca,[],110240.0
,,Data Analyst,"Mennonite Economic Development Associates (MEDA) invites applications for a Data Analyst to join our dedicated and talented team in our mission to create business solutions to poverty! MEDA’s work is built on a foundation of Mennonite business roots and faith-based values, within the global context of the UN Sustainable Development Goals. We believe business solutions are effective interventions to address poverty. Through a market-systems approach and strategic partnerships, MEDA enables acces…",,,Canada,,,,,,,,,,,,,,,,,,,,,,,,,adzuna_ca,MEDA,58050.0,72550.0,ca,[],65300.0
,,Data Analyst,"Location: Vancouver / Toronto / Remote in Canada | Employment Type: Full-time | Reports to: Senior Data Analyst, Team Lead Reporting to Senior Data Analyst, Team Lead, we’re looking for a curious and collaborative Data Analyst (Survey Tabulations) to join Reach3 Insights. In this role, you’ll help turn survey data into accurate, decision-ready cross-tabulations, working with smart, kind people who love turning human insights into clear stories, stronger decisions, and better customer experience…",,,"Vancouver, Greater Vancouver",,,,,,,,,,,,,,,,,,,,,,,,,adzuna_ca,Reach3 Insights,65000.0,85000.0,ca,[],75000.0
,,Data Analyst,"Location: London, ON | Hybrid/Remote | StarTech.com StarTech.com is continuing to grow our Data Analytics team and we are looking for a Data Analyst who is passionate about turning data into actionable insights. In this role, you will partner closely with cross functional teams to analyze data across key areas of the business, including product performance, inventory, revenue, customer insights, and marketing. Your work will help shape business decisions, optimize performance, and support conti…",,,"London, Middlesex",,,,,,,,,,,,,,,,,,,,,,,,,adzuna_ca,StarTech.com,68000.0,78000.0,ca,[],73000.0
,,Data Analyst,"Who We Are Konrad is a next-generation digital consultancy. We are dedicated to solving complex business problems for our global clients with creative and forward-thinking solutions. Our employees enjoy a culture built on innovation and a commitment to creating best-in-class digital products in use by hundreds of millions of consumers around the world. We hire exceptionally smart, analytical, and hard-working people who are lifelong learners. About The Role This role sits on our Digital team, w…",,,"Toronto, Ontario",,,,,,,,,,,,,,,,,,,,,,,,,adzuna_ca,Konrad,75000.0,100000.0,ca,[],87500.0
,,Data Analyst,"About Us A profitable, family-run, growing group of companies in the Industrial Packaging and Distribution space. Proudly Canadian and entrepreneurial, with multiple divisions. We serve customers across North America, with core operations and leadership based in Canada. With 60 employees and a tightly run finance team, we’re scaling while maintaining a practical, no-politics, get-it-done culture. How We Work Data should drive decisions, not sit in dashboards. This role works across Finance, Sal…",,,"Toronto, Ontario",,,,,,,,,,,,,,,,,,,,,,,,,adzuna_ca,Acquird.io,70000.0,80000.0,ca,[],75000.0
,,Data Analyst,"Hello, I'm Robin, recruitment and business development consultant at FED IT, a recruitment agency specializing in IT professions. I work on two types of recruitment: temporary and permanent. All our consultants are IT experts who speak your language and work in your environment. We cover the IT, development, business intelligence and infrastructure professions. Hello, I'm Robin, recruitment and business development consultant at FED IT, a recruitment agency specializing in IT professions. I wor…",,,"Montréal, Québec",,,,,,,,,,,,,,,,,,,,,,,,,adzuna_ca,Fed Group,70000.0,95000.0,ca,[],82500.0
,,Data Analyst,"Interested in joining one of Canada's top performing asset managers? We are looking for a Data Analyst to join our Enterprise Data Solutions team. In this role, you'll help build integrated, reliable, and scalable data solutions that support business decision-making across the organization. Working with enterprise platforms such as Salesforce, Greenhouse, and Dayforce, you'll collaborate with business and technology partners to analyze data, support system integrations, improve data quality, an…",,,"Greater Vancouver, British Columbia",,,,,,,,,,,,,,,,,,,,,,,,,adzuna_ca,"Connor, Clark & Lunn Financial Group",110000.0,130000.0,ca,['CRM'],120000.0
,,Data Analyst,"At CI, we see a great place to work as one that is a safe place for everyone to have a voice, where people are empowered to take ownership over meaningful work, where there is an opportunity to grow through stretching themselves, where they can work on innovative products and projects, and where employees are supported and engaged in doing so. We are currently seeking a Data Analyst to join the Data Solutions team in the Wealth Technology group at CI Wealth. The Data Solutions team focuses on d…",,,Canada,,,,,,,,,,,,,,,,,,,,,,,,,adzuna_ca,CI Financial,55000.0,95000.0,ca,[],75000.0
,,Data Analyst," OpusClip is the world's No.1 AI video agent, built for authenticity on social media. We envision a world where everyone can authentically share their story through video, with no expertise needed. Within just 18 months of our launch, over 10 million creators and businesses have used OpusClip to enhance their social presence. We have raised $50 million in total funding and are fortunate to have some of the most supportive investors, including SoftBank Vision Fund, DCM Ventures, Millennium New H…",,,"Burnaby, Greater Vancouver",,,,,,,,,,,,,,,,,,,,,,,,,adzuna_ca,OpusClip,90000.0,130000.0,ca,[],110000.0
,,Data Analyst,"Artificial Intelligence. Actual Impact. At Docebo, we’re using AI to change how people learn at work—and we mean actually change it. We’re an AI-powered learning platform that helps organizations create, deliver, and manage training all in one place. But our real mission goes deeper: we help teams move faster, work smarter, and focus on the work that truly matters. Our platform is built with intelligent, time-saving tools that personalize learning, eliminate busywork, and turn training from a c…",,,"Toronto, Ontario",,,,,,,,,,,,,,,,,,,,,,,,,adzuna_ca,Docebo,54100.0,72100.0,ca,[],63100.0
,,Senior Data Analyst,"Senior Data Analyst Who We Are Teranet is Canada’s leader in the delivery and transformation of statutory registry services with extensive expertise in land and commercial registries. We also market insightful property and data solutions, as well as practice management automation to thousands of customers in the real estate, financial services, government, utilities, and legal markets. Connect. G row. Thrive Together. To learn more about who we are visit our website: www.teranet.ca About the Ro…",,,Canada,,,,,,,,,,,,,,,,,,,,,,,,,adzuna_ca,Teranet,110000.0,132000.0,ca,[],121000.0
,,Geospatial Data Analyst,"Does manipulation and analysis of raster and vector datasets really get you going? How about Geo AI, programming, and working in the natural resource sector? If these are your passions, then this is the job for you! Cabin Resources Management Ltd. has built a foundation of experience and dedication to quality and innovative solutions in four main divisions: forestry, wildfire, heritage and geospatial. We are currently looking to add a Geospatial Data Analyst to our company. Responsibilities: As…",,,"Kelowna, Central Okanagan",,,,,,,,,,,,,,,,,,,,,,,,,adzuna_ca,Cabin Resource Management Ltd.,75000.0,95000.0,ca,[],85000.0
,,System and Data Analyst,"This position is open until filled. To ensure consideration, applications should be received by Monday, August 24. Applications must have direct, hands-on experience with Yardi software to be considered. The Systems and Data Analyst position performs advanced technical work developing and implementing solutions that support the Authority’s business strategy. This position serves as an all-tier support for the agencies Yardi system, including issue documentation, user account and access manageme…",,,"Vancouver, Greater Vancouver",,,,,,,,,,,,,,,,,,,,,,,,,adzuna_ca,Vancouver Housing Authority,85020.0,127530.0,ca,[],106275.0
,,EDI and Data Analyst,"Position: EDI and Data Analyst Position reports to: Director of IT Position Overview: Greenstone Meats is seeking an EDI (Electronic Data Interchange) and Data Support professional. The EDI (Electronic Data Interchange) and Data Support role will be the technical and business bridge between IT and our systems and supply chain operations and our customer shipping and billing processes. You will manage, monitor, and troubleshoot the automated exchange of digital business documents between Greenst…",,,"Etobicoke, Toronto",,,,,,,,,,,,,,,,,,,,,,,,,adzuna_ca,Greenstone Meats,94000.0,110000.0,ca,[],102000.0
,,Data Analyst-1,"JOB DESCRIPTION Job Title: Data Analyst Job Status : X2 Permanent Vacancies Team: Analytics Reports to: Manager, Analytics Job Level: 6 I. JOB PURPOSE Creates reports, dashboards and performs ad-hoc analysis to support the College’s strategic commitment to leveraging data and analytics to support evidence-based decision-making. II. KEY RESPONSIBILITIES Develops reports, standardized queries, dashboards and performs ad-hoc analysis to support College projects, initiatives, and processes. Coordin…",,,Canada,,,,,,,,,,,,,,,,,,,,,,,,,adzuna_ca,College of Nurses of Ontario,108073.0,114845.0,ca,[],111459.0
,,Market Data Analyst,"ARE YOU: Passionate about Real Estate? Are you looking to launch your career with an innovative company? Does the prospect of working with a talented team excite you? Are you a recent graduate with a degree in Business, Real Estate, Finance or Economics, looking for an opportunity to get your foot in the door with an extraordinary company? If so, you're probably a great fit for our Market Data Analyst position! YOU BRING : Great organizational and time management skills, and thrive in a fast-pa…",,,"Greater Vancouver, British Columbia",,,,,,,,,,,,,,,,,,,,,,,,,adzuna_ca,Intracorp,48000.0,60000.0,ca,[],54000.0
,,Principal Data Analyst,"Job Requisition ID  26WD100492 L'affichage de poste en français suivra / The French job posting follows. 26WD100492, Principal Data Analyst Position Overview Autodesk has invested in data-driven decision-making, optimizing our platform’s business, product, and cost. The next five years will transform how we work, with a surge in data volume and scaling of AI/ML to provide even greater value to our customers. We are looking for a Principal Data Analyst to serve as a senior individual contributor…",,,Canada,,,,,,,,,,,,,,,,,,,,,,,,,adzuna_ca,Autodesk,99000.0,145200.0,ca,['Machine Learning'],122100.0
,,Data Analyst Engineer,"This is your opportunity to join AXIS Capital – a trusted global provider of specialty lines insurance and reinsurance. We stand apart for our outstanding client service, intelligent risk taking and superior risk adjusted returns for our shareholders. We also proudly maintain an entrepreneurial, disciplined and ethical corporate culture. As a member of AXIS, you join a team that is among the best in the industry. At AXIS, we believe that we are only as strong as our people. We strive to create …",,,Canada,,,,,,,,,,,,,,,,,,,,,,,,,adzuna_ca,AXIS,75000.0,120000.0,ca,[],97500.0
,,"Data Analyst, Investment Data Management","Interested in joining one of Canada’s top performing asset managers? We are looking for a Data Analyst for an existing vacancy on our Investment Data Management (IDM) team. The IDM Team resides within the middle office and is responsible for managing data centric processes and data quality that supports the investment management business. Connor, Clark & Lunn Financial Group Ltd. (CCLFG) manages a wide range of global assets and heavily relies on the output of the Data Management Team for a var…",,,"Toronto, Ontario",,,,,,,,,,,,,,,,,,,,,,,,,adzuna_ca,"Connor, Clark & Lunn Financial Group",60000.0,90000.0,ca,[],75000.0
,,"Data Analyst, Investment Data Management","Interested in joining one of Canada’s top performing asset managers? We are looking for a Data Analyst for an existing vacancy on our Investment Data Management (IDM) team. The IDM Team resides within the middle office and is responsible for managing data centric processes and data quality that supports the investment management business. Connor, Clark & Lunn Financial Group Ltd. (CCLFG) manages a wide range of global assets and heavily relies on the output of the Data Management Team for a var…",,,"Greater Vancouver, British Columbia",,,,,,,,,,,,,,,,,,,,,,,,,adzuna_ca,"Connor, Clark & Lunn Financial Group",60000.0,90000.0,ca,[],75000.0
,,Financial Data Analyst - Hybrid,"Position Overview The Financial Data Analyst plays a key role in supporting the accuracy, integrity, and timely reporting of financial information for Encore Canada. Reporting to the Accounting Manager, this position is responsible for analyzing, reconciling, and recording complex financial data in Oracle. Primarily focusing on compensation-related transactions, payroll accounting, accruals, and financial reporting. The successful candidate will partner with Accounting, Finance, Payroll, HR, an…",,,"Woodbridge, York region",,,,,,,,,,,,,,,,,,,,,,,,,adzuna_ca,Encore Global,70000.0,80000.0,ca,[],75000.0
,,"Data Analyst, In-line Inspection","Your Job We are seeking a Data Analyst for our Pipeline Inline Inspection (ILI) Data Analysis team. DarkVision uses state-of-the-art proprietary acoustic imaging technologies to provide asset inspection services to industrial clients. This ultrasound system gathers immense datasets and identifies defects as small as a few millimeters. Automated processing, measurement, classification, and visualization algorithms are crucial due to the time-consuming and inconsistent nature of manual processing…",,,"North Vancouver, Greater Vancouver",,,,,,,,,,,,,,,,,,,,,,,,,adzuna_ca,Koch,58240.0,60320.0,ca,[],59280.0
,,"Data Analyst, Revenue Operations","About FacilityOS FacilityOS is a fast-growing company redefining how facilities operate—bringing safety, security, and daily operations into one unified platform used by organizations around the world. As we continue to scale globally, we’re building a team of driven, curious people who want to make an impact. You’ll be part of a dynamic, collaborative culture where individuals are trusted to take ownership, solve meaningful problems, and grow in their careers. Our team comes together in-office…",,,"North York, Toronto",,,,,,,,,,,,,,,,,,,,,,,,,adzuna_ca,FacilityOS,85000.0,95000.0,ca,[],90000.0
,,Senior Data Analyst - Poker,"Level Up Your Career with Zynga! At Zynga, we bring people together through the power of play. As a global leader in interactive entertainment and a proud label of Take-Two Interactive, our games have been downloaded over 6 billion times—connecting players in 175 countries through fun, strategy, and a little friendly competition. From thrilling casino spins to epic strategy battles, mind-bending puzzles, and social word challenges, our diverse game portfolio has something for everyone. Fan-favo…",,,Canada,,,,,,,,,,,,,,,,,,,,,,,,,adzuna_ca,Zynga,96400.0,135000.0,ca,[],115700.0
,,"Senior Associate, Data Analyst","161 Bay Street (93021), Canada, Toronto,Toronto, Ontario, Senior Associate, Data Analyst About Capital One Canada For 30 years, we’ve been on a mission to change banking for good. We challenge the traditional bank stereotype, fostering a culture where innovation thrives and bold ideas are celebrated. We’re driven by what’s possible, leveraging the power of data and technology to empower innovative solutions, inspire one another to dream boldly, and take transformative ownership of decisions and…",,,"Toronto, Ontario",,,,,,,,,,,,,,,,,,,,,,,,,adzuna_ca,Capital One,112240.0,128100.0,ca,[],120170.0
,,Healthcare Research & Data Analyst,"Clarivate provides advisory and management consulting services to industry leading and emerging pharmaceutical, biotechnology and MedTech companies. We combine deep domain expertise and data driven analysis to deliver relevant insights and customized, actionable solutions for our clients in the areas of new product planning, commercial strategy and pricing & market access. We are seeking a Healthcare Research & Data Analyst to join our team. In this role, you will support high‑impact analytical…",,,"Toronto, Ontario",,,,,,,,,,,,,,,,,,,,,,,,,adzuna_ca,Clarivate,54400.0,68000.0,ca,[],61200.0
,,Digital Data Analyst (MarTech),"""The best prescription I've ever given is a wish.""-Dr. Jeremy Friedman, Associate Paediatrician-in-Chief, SickKids Hospital & Medical Advisor for Make-A-Wish® Canada WHAT IS YOUR BIGGEST WISH?Is it to be part of an organization that is child-focused, values employee experience and is an inspiring workplace? If so, Make-A-Wish is for you!Make-A-Wish® Canada creates life-changing wishes for children with critical illnesses. We are on a quest to bring every eligible child's wish to life because a …",,,"Ottawa, Ottawa region",,,,,,,,,,,,,,,,,,,,,,,,,adzuna_ca,Make-A-Wish Foundation Canada,78000.0,86000.0,ca,[],82000.0
,,Staff Product Data Analyst,"About the Role Hi, I'm Aurobind, Head of IT, Systems and Data at Jane. We're rebuilding how we manage data and analytics at Jane. Our goal is to establish a trusted data foundation that powers self-service analytics, AI, and consistent business metrics across the company. This role is focused on Product Analytics—but not in the traditional sense of generating insights or building dashboards. Instead, you'll focus on building the technical foundation that enables Product teams to answer their ow…",,,Canada,,,,,,,,,,,,,,,,,,,,,,,,,adzuna_ca,Jane,125200.0,195600.0,ca,[],160400.0
,,Senior Financial Data Analyst,"WHAT MAKES US, US Join some of the most innovative thinkers in FinTech as we lead the evolution of financial technology. If you are an innovative, curious, collaborative person who embraces challenges and wants to grow, learn and pursue outcomes with our prestigious financial clients, say Hello to SimCorp! At its foundation, SimCorp is guided by our values — caring, customer success-driven, collaborative, curious, and courageous. Our people-centered organization focuses on skills development, r…",,,"Toronto, Ontario",,,,,,,,,,,,,,,,,,,,,,,,,adzuna_ca,SimCorp,88960.0,133440.0,ca,[],111200.0
,,Business Data Analyst (Contract),"Your Moneris Career - The Opportunity You will design, develop, maintain, and support reporting and analytical solutions that influence decision-making and business performance. In this role, you will leverage modern data warehousing, data transformation, and business intelligence tools to deliver actionable insights that support business operations and strategic initiatives. Contract Term: 6 months. Location: You will be based in our Toronto office, balancing in-office collaboration with remot…",,,"Toronto, Ontario",,,,,,,,,,,,,,,,,,,,,,,,,adzuna_ca,Moneris,71000.0,100000.0,ca,[],85500.0
,,Go-To-Market Data Analyst,"Knak is a mission-driven company Why? Because our time is limited, our competition is fierce, and our margin for error is small. For us to have the greatest impact on the world, we need to be laser focused on our core mission, which is Empowering people to be creative. That’s why Knak exists. We are a world-class enterprise email and landing page creation platform with a focus on making successful and happy customers by providing them with an incredibly powerful, yet easy to use creation platfo…",,,Canada,,,,,,,,,,,,,,,,,,,,,,,,,adzuna_ca,Knak,120000.0,150000.0,ca,[],135000.0
,,"Data Analyst, Consumer Insights","Open Vacancy: This role is a current, active position and we are accepting applications. Company Overview Our client is an independent marketing consultancy specializing in market research, with expertise in storytelling through consumer and brand insights. They focus on key areas such as advertising effectiveness, sponsorship evaluation, and consumer behaviour analysis. By leveraging data-driven insights and strategic solutions, they help businesses and top-tier brands optimize marketing strat…",,,"Toronto, Ontario",,,,,,,,,,,,,,,,,,,,,,,,,adzuna_ca,AIP Connect,50000.0,65000.0,ca,[],57500.0
,,Data Analyst cum Business Analyst,"Salary : 140k CAD This is remote/ Toronto, ON Client is City National bank. Data Analyst cum Business Analyst for the SWP projects within the City National Bank CNR Wealth data program The role bridges business and engineering translating wealth management data requirements into clear buildable specifications and validating the data delivered through Azure Synapse pipelines into Salesforce You will work directly with client stakeholders and the offshore development and QA teams in a fast paced …",,,"Regent Park, City of Toronto",,,,,,,,,,,,,,,,,,,,,,,,,adzuna_ca,Cloudious LLC,140000.0,145000.0,ca,['CRM'],142500.0
,,"Senior Data Analyst, Live Games","About Big Viking Games Big Viking Games is a Canadian gaming company focused on building, operating, and growing long-standing online game communities. Our games have entertained players for years, supported by loyal audiences, live operations, evolving content systems, product innovation, and deep player-driven economies. Our flagship titles, YoWorld and FishWorld, have served millions of players over their lifetime. These are enduring live-service virtual worlds with rich in-game economies, v…",,,"Harbourfront, City of Toronto",,,,,,,,,,,,,,,,,,,,,,,,,adzuna_ca,Big Viking Games,100000.0,120000.0,ca,[],110000.0
,,26-088 Financial Data Analyst,"Job Description Title: Financial Data Analyst 26-088 Resume Due Date: Friday, September 4th, 2026 (5:00PM EST0 Number of Vacancies : 2 Level: MP5 Rate: $90 - $100/hr INC (based on experience) Duration: 24 months Hours of work: 40 Location: 1908 Colonel Sam Drive, Hybrid 2 days onsite 3 days remote Job Overview We are seeking a Finance Data Analyst to support data-driven decision-making across the finance function. In this role, you will analyze financial and operational data, develop reports an…",,,"Oshawa, Durham region",,,,,,,,,,,,,,,,,,,,,,,,,adzuna_ca,Morson,187200.0,208000.0,ca,[],197600.0
,,"Data Analyst, In-line Inspection (ILI)","Your Job We are seeking a Data Analyst for our Pipeline Inline Inspection (ILI) Data Analysis team. DarkVision uses state-of-the-art proprietary acoustic imaging technologies to provide asset inspection services to industrial clients. This ultrasound system gathers immense datasets and identifies defects as small as a few millimeters. Automated processing, measurement, classification, and visualization algorithms are crucial due to the time-consuming and inconsistent nature of manual processing…",,,"North Vancouver, Greater Vancouver",,,,,,,,,,,,,,,,,,,,,,,,,adzuna_ca,Koch,62400.0,79040.0,ca,[],70720.0
,,"Data Analyst, Corporate Human Resources","Description We are seeking a customer‑focused Data Analyst to join our Corporate Human Resources team. This role is ideal for someone who thrives on turning data into actionable insights, enjoys engaging with stakeholders, and is passionate about empowering others to advance their analytics capabilities. You will contribute to building our enterprise data foundation—including the development of our data lake, secure data access, and advanced reporting—and support analytics across the HR functio…",,,"Saint John, Saint John region",,,,,,,,,,,,,,,,,,,,,,,,,adzuna_ca,J.D. Irving,60000.0,85500.0,ca,[],72750.0
,,Sr. Healthcare Data Analyst (Medicaid),"This position is listed on behalf of a partner company, who manages all applications and next steps. Our partner is looking for a Sr. Healthcare Data Analyst (Medicaid) based in Canada. This is a senior data analytics opportunity focused on using healthcare data to strengthen Medicaid program oversight. You will analyze large and complex datasets to identify patterns, vulnerabilities, and potential areas of fraud, waste, and abuse. The role combines advanced analytics, Medicaid policy knowledge…",,,Canada,,,,,,,,,,,,,,,,,,,,,,,,,adzuna_ca,Jobgether,106250.0,143750.0,ca,[],125000.0
,,Product Data Analyst - Acquiring Operations,"NMI is looking for a highly analytical and data-obsessed Product Data Analyst to help power decision-making across our acquiring operations and merchant lifecycle products. This role sits at the intersection of product, operations, and business intelligence — transforming large datasets into actionable insights that improve operational efficiency, merchant growth, product adoption, and financial performance. You’ll partner closely with Product Managers, Operations, Engineering, Sales, Finance, …",,,Canada,,,,,,,,,,,,,,,,,,,,,,,,,adzuna_ca,NMI,95000.0,120000.0,ca,[],107500.0
,,"Senior Data Analyst, Business Intelligence","About the Team: Turo is looking for a Senior Data Analyst to join our Business Intelligence team. You will be the technical lead for our BI ecosystem, responsible for both the day-to-day administration of our tools and the long-term vision of how we scale our data platforms. This is a role for a technical builder who cares about the ""why"" and the ""how."" You’ll combine advanced SQL and coding skills with a sharp eye for design to make sure our data isn't just accurate, but easy and intuitive for…",,,"Toronto, Ontario",,,,,,,,,,,,,,,,,,,,,,,,,adzuna_ca,Turo,70000.0,88000.0,ca,['SQL'],79000.0
,,"Sourcing Data Analyst, Advanced Analytics","Sourcing Analyst, Advanced Analytics Mohawk Medbuy Corporation (MMC) is a national, not-for-profit, shared services organization that supports hundreds of health care providers across Canada, as well as child welfare agencies and other public sector organizations. MMC provides value-driven contracting and procurement solutions for medical/surgical supplies, pharmaceutical products, local sourcing, capital (equipment, FF&E and redevelopment) and nutrition solutions. Other services include data a…",,,"Toronto, Ontario",,,,,,,,,,,,,,,,,,,,,,,,,adzuna_ca,Mohawk Medbuy,62096.0,72778.0,ca,[],67437.0
,,BI & Data Analyst (12 Months Contract),"Choose a workplace that empowers your impact. Join a global workplace where employees thrive. One that embraces diversity of thought, expertise and passion. A place where you can personalize your employee journey to be — and deliver — your best. We are a leading global real estate investor, developer and manager. We combine our capital with our capabilities to create real estate that strengthens economies and communities. By prioritizing people, partnerships and places, we generate meaningful r…",,,"Toronto, Ontario",,,,,,,,,,,,,,,,,,,,,,,,,adzuna_ca,OMERS,72000.0,108000.0,ca,[],90000.0
,,Senior Data Analyst (m/f/d),"We are TRADER , a Canadian leader in digital automotive solutions. Our flagship brands - AutoTrader.ca, AutoSync, Dealertrack Canada and CMS - help Canadians buy, sell, and finance vehicles with confidence. Learn more at tradercorporation.com. As part of AutoScout24 group, Europe’s largest online car marketplace, we’re shaping the future of automotive retail in Canada and beyond. As Senior Data Analyst you will join our Seller & Listing Analytics team. You will partner with Product, Engineering…",,,"Toronto, Ontario",,,,,,,,,,,,,,,,,,,,,,,,,adzuna_ca,AutoTrader.ca,110000.0,140000.0,ca,[],125000.0
,,"Senior Fund Data Analyst, Security Master and Pricing","At CI, we see a great place to work as one that is a safe place for everyone to have a voice, where people are empowered to take ownership over meaningful work, where there is an opportunity to grow through stretching themselves, where they can work on innovative products and projects, and where employees are supported and engaged in doing so. Fixed Term Contract: up to 12 months We are currently seeking a Senior Fund Data Analyst to join our Portfolio Operations team. In this role, the success…",,,Canada,,,,,,,,,,,,,,,,,,,,,,,,,adzuna_ca,CI Financial,55000.0,95000.0,ca,[],75000.0
,,"Associate Director, Trade Data Analyst - COO Group","Job Description What is the opportunity? Drive reconciliation and pricing validation. This role is part of RBC Capital Markets Data Strategy & Execution and is responsible for delivering trusted, governed, AI-ready data capabilities. The Trade Data Analyst will define strategy, lead execution, partner across business and technology, and deliver measurable business value through modern data capabilities. What will you do? Develop domain strategy aligned with Capital Markets objectives. Partner w…",,,Canada,,,,,,,,,,,,,,,,,,,,,,,,,adzuna_ca,Royal Bank of Canada,110000.0,140000.0,ca,[],125000.0
,,"Product Data Analyst, Mobile App User Acquisition","StackAdapt is the leading technology company that empowers marketers to reach, engage, and convert audiences with precision. With 465 billion automated optimizations per second, the AI-powered StackAdapt Marketing Platform seamlessly connects brand and performance marketing to drive measurable results across the entire customer journey. The most forward-thinking marketers choose StackAdapt to orchestrate high-impact campaigns across programmatic advertising and marketing channels. StackAdapt’s …",,,Canada,,,,,,,,,,,,,,,,,,,,,,,,,adzuna_ca,StackAdapt,76000.0,104500.0,ca,[],90250.0
,,Senior Business Data Analyst (Asset/ Investment Management),"Best Workplaces™ in Canada 2020 - 2026 | Best Workplaces™ with Most Trusted Executive Teams 2024 - 2026 | Best Workplaces™ in Financial Services & Insurance 2020 - 2025 | Best Workplaces™ for Mental Wellness 2023 - 2026 | Best Workplaces™ for Giving Back 2022, 2024 | Best Workplaces™ for Inclusion 2021, 2024 | Best Workplaces™ for Women 2021 | Best Workplaces™ in Ontario™ 2020, 2021, 2024 | Best Workplaces™ for Professional Development 2025, 2026 | Best Workplaces™ for Young Talent 2026 One of …",,,"Berczy Park, City of Toronto",,,,,,,,,,,,,,,,,,,,,,,,,adzuna_ca,Picton Mahoney Asset Management,120000.0,130000.0,ca,[],125000.0
,,Data Systems Analyst,"Energize your career in the Arctic! Find your next exciting adventure in the Canadian Arctic! Join our team of highly motivated and experienced industry professionals as we provide safe, reliable, and affordable power across Nunavut. Working in Nunavut Nunavut is Canada's newest and largest territory and has the fastest growing economy in the country. With breathtaking landscapes and amazing adventure opportunities, you will find excitement not only in your career, but in your free time as well…",,,"Baker Lake, Keewatin region",,,,,,,,,,,,,,,,,,,,,,,,,adzuna_ca,Qulliq Energy Corporation,114153.0,133360.0,ca,[],123756.5
,,Business Systems & Data Analyst (On-site Maternity Leave Coverage),"Reporting to Manager, IT, the Business Systems & Data Analyst is a cross-functional role responsible for translating business needs into effective system, data, reporting, and process solutions, getting it implemented to optimize and streamline Q&C’s business processes. This is a full-time temporary maternity leave coverage role for a period of 12 to 18 months and 5-days week on-site position. Requirements Duties and Responsibilities The following is a list of the essential duties and responsib…",,,"Mississauga, Peel region",,,,,,,,,,,,,,,,,,,,,,,,,adzuna_ca,Q&C,75000.0,85000.0,ca,[],80000.0
,,Data Security Analyst,"Summary/Objective Paymentus is seeking a Data Security Analyst to join our Cyber Security team with a focus on Data Loss Prevention (DLP) . This role will support the day-to-day operation of the organization's DLP program by monitoring alerts, investigating incidents, maintaining policies, and helping protect sensitive data across cloud, endpoint, email, and SaaS environments. The ideal candidate is eager to grow their cybersecurity skills and enjoys solving technical problems while working wit…",,,"Richmond Hill, York region",,,,,,,,,,,,,,,,,,,,,,,,,adzuna_ca,Paymentus,83000.0,105000.0,ca,[],94000.0
,,"Business Process Data Analyst, OTCAnalyste de données opérationnelles","We are seeking a dynamic and detail-oriented Business Process Data Analyst to join our team! In this pivotal role, you will harness your analytical expertise and technical skills to optimize business processes through data-driven insights. Your energetic approach will drive continuous improvement initiatives, support project management efforts, and empower decision-makers with actionable intelligence. If you thrive in a fast-paced environment where innovation meets precision, this opportunity i…",,,Canada,,,,,,,,,,,,,,,,,,,,,,,,,adzuna_ca,Aliaxis,64800.0,81000.0,ca,[],72900.0
,,Senior Data Governance Analyst,"Senior Data Governance Analyst Who We Are Teranet is Canada’s leader in the delivery and transformation of statutory registry services with extensive expertise in land and commercial registries. We also market insightful property and data solutions, as well as practice management automation to thousands of customers in real estate, financial services, government, utilities, and legal markets. Connect. Grow. Thrive Together. To learn more about who we are visit our website: www.teranet.ca About …",,,Canada,,,,,,,,,,,,,,,,,,,,,,,,,adzuna_ca,Teranet,110000.0,132000.0,ca,[],121000.0
,,Senior Data Quality Analyst,"Putting people first, every day BDO is a firm built on a foundation of positive relationships with our people and our clients. Each day, our professionals provide exceptional service, helping clients with advice and insight they can trust. In turn, we offer an award-winning environment that fosters a people-first culture with a high priority on your personal and professional growth. Your Opportunity The Data Quality Analyst will play a critical role in analyzing and improving data quality acros…",,,Canada,,,,,,,,,,,,,,,,,,,,,,,,,adzuna_ca,BDO,77000.0,112000.0,ca,[],94500.0
,,Digital Analyst (12-month fixed term),"Digital Analyst (12-month fixed term contract) Are you passionate about data & analytics and eCommerce? If yes, we are looking for an intermediate digital analyst on a 12-month fixed term contract that has the possibility of getting extended or becoming permanent to help improve site conversion rates, loyalty and customer experience by creating dashboards, insights and experiments. As an intermediate digital analyst, you will Identify customer pain points and recommend site optimization opportu…",,,Canada,,,,,,,,,,,,,,,,,,,,,,,,,adzuna_ca,Best Buy Canada,70000.0,85000.0,ca,[],77500.0
,,Digital Solutions Analyst (12 Month Contract),"Job Type: Contract Department: Active Directory Required, Information Technology Salary: $99,994.00 - $124,994.00 Close Date (closes at 12:00 am on date noted below): September 9, 2026 Hours per Week: 35 Openings: 1 Position Summary About Milton Join one of Ontario’s fastest-growing and most dynamic municipalities. The Town of Milton is proud to deliver high-quality, sustainable municipal services that support a vibrant, inclusive, and forward-looking community where residents thrive, businesse…",,,Canada,,,,,,,,,,,,,,,,,,,,,,,,,adzuna_ca,Town of Milton,99994.0,124994.0,ca,[],112494.0
,,"Business Analyst, Digital Workplace","McKesson is an impact-driven, Fortune 10 company that touches virtually every aspect of healthcare. We are known for delivering insights, products, and services that make quality care more accessible and affordable. Here, we focus on the health, happiness, and well-being of you and those we serve – we care. What you do at McKesson matters. We foster a culture where you can grow, make an impact, and are empowered to bring new ideas. Together, we thrive as we shape the future of health for patien…",,,"Mississauga, Peel region",,,,,,,,,,,,,,,,,,,,,,,,,adzuna_ca,McKesson,81500.0,108600.0,ca,[],95050.0
,,"Incident Response Analyst, Digital Forensics & Incident Response","About the Role: The Incident Response (IR) Analyst is a hands-on technical responder within ISA Cybersecurity's Digital Forensics & Incident Response (DFIR) function, delivering the Security Incident Response (SIR) service across client engagements. The role executes forensic collection, analysis, and containment work under the direction of the Cyber Incident Response Commander, building the case-based experience and technical depth that lead toward Incident Commander and Senior Analyst career …",,,"Etobicoke, Toronto",,,,,,,,,,,,,,,,,,,,,,,,,adzuna_ca,ISA Cybersecurity,75000.0,105000.0,ca,[],90000.0
,,Business Analyst (12 Month Contract),"Job Type: Contract Department: Salary: $79,576.00 - $99,471.00 Close Date (closes at 12:00 am on date noted below): September 21, 2026 Hours per Week: 35 Openings: 1 Position Summary About Milton Join one of Ontario’s fastest-growing and most dynamic municipalities. The Town of Milton is proud to deliver high-quality, sustainable municipal services that support a vibrant, inclusive, and forward-looking community where residents thrive, businesses succeed, and nature is respected and protected. …",,,Canada,,,,,,,,,,,,,,,,,,,,,,,,,adzuna_ca,Town of Milton,79576.0,99471.0,ca,[],89523.5
,,"Consulting Analyst, Digital (Montreal Bilingual French and English) - Start Date Q4 2026","Huron is a global consultancy that collaborates with clients to drive strategic growth, ignite innovation and navigate constant change. Through a combination of strategy, expertise and creativity, we help clients accelerate operational, digital and cultural transformation, enabling the change they need to own their future. Join our team as the expert you are now and create your future. At Huron, you have the opportunity to discover your professional passions by being an integral part of our tea…",,,"Montréal, Québec",,,,,,,,,,,,,,,,,,,,,,,,,adzuna_ca,Huron Consulting Services,81000.0,84000.0,ca,[],82500.0
,,"Consulting Analyst, Digital (Toronto) Start Dates Q3/Q4 2027 (Spring 2027 Graduates)","Huron is a global consultancy that collaborates with clients to drive strategic growth, ignite innovation and navigate constant change. Through a combination of strategy, expertise and creativity, we help clients accelerate operational, digital and cultural transformation, enabling the change they need to own their future. Join our team as the expert you are now and create your future. At Huron, you can discover your professional passions by being an integral part of our teams and getting expos…",,,Canada,,,,,,,,,,,,,,,,,,,,,,,,,adzuna_ca,Huron Consulting Services,81000.0,84000.0,ca,[],82500.0
,,Clinical Business Analyst / Clinical UX Analyst,"Clinical Business Analyst / Clinical UX Analyst Client: Service New Brunswick (SNB) / Government of New Brunswick Program: Provincial Clinical Information Solution (CIS) – Symbio Program Number of Positions: 2 Location: Remote within Canada Travel: Must be available to travel to New Brunswick at least once per month Contract: August 17, 2026 – August 16, 2028 Extensions: Two optional 1-year extensions Engagement: Full-Time Contract Standard Workday: 7.5 hours/day About the Opportunity Service N…",,,"Lower St. Marys, Fredericton",,,,,,,,,,,,,,,,,,,,,,,,,adzuna_ca,SereneAid,166400.0,187200.0,ca,[],176800.0
,,Quality Assurance Analyst,"Quality Assurance Analyst (Digital Solutions) Location: Vancouver, BC Salary Range: $74,000 - $114,000 Ready to take the next step in your career with a firm that values innovation, collaboration, continuous improvement, and delivering exceptional client experiences? Smythe LLP is seeking a detail-oriented and motivated Quality Assurance Analyst to join our growing Digital team. This is an exciting opportunity for a quality-focused professional who enjoys working at the intersection of technolo…",,,"Canada Place, Vancouver",,,,,,,,,,,,,,,,,,,,,,,,,adzuna_ca,Smythe Careers,74000.0,114000.0,ca,[],94000.0
,,Organizational Performance Analyst,"Description What if you could redefine what's possible? With us, you can. With us, you can. You want Purpose. Growth. Opportunity. People who get it. We are the home of ambitious, passionate, and innovative world shapers. With an unmatched breadth and depth of engineering, advisory and science‑based expertise, our global minds unite to power local solutions. We are pathfinders and impact makers. We are Visioneers. We are WSP The Opportunity – Build the Future with Us Enable executive decision-m…",,,"Westmount, Montréal",,,,,,,,,,,,,,,,,,,,,,,,,adzuna_ca,WSP,77400.0,102500.0,ca,[],89950.0
,,Senior Business Systems Analyst (12 - month contract),"Who We Are For more than 130 years, The Salvation Army has served people in need in communities across Canada and Bermuda. Building on our roots as a world-wide Christian church, each year we help more than 2 million people, providing necessities such as food, clothing and shelter. In addition, we support people experiencing unemployment, addiction and family challenges. We continually adapt and innovate to meet emerging needs and live out our mission, vision and values of hope, service, dignit…",,,Canada,,,,,,,,,,,,,,,,,,,,,,,,,adzuna_ca,The Salvation Army,105518.0,131913.0,ca,[],118715.5
,,SEO Analyst," Ever Ranked 1 for ""Impossible"" Keywords? We Should Talk. Because at Digital Shift, SEO isn't just about rankings – it's about transforming businesses. Picture this: You wake up to find your latest SEO strategy has just pushed a small family business past their local competitors. Their phone is ringing. Their calendar is filling up. And you? You're just getting started with your morning coffee. That's a typical day at Digital Shift, where SEO analysts don't just crunch numbers – they change liv…",,,"Signal Hill, Calgary",,,,,,,,,,,,,,,,,,,,,,,,,adzuna_ca,Digital Shift,50000.0,60000.0,ca,['SEO'],55000.0
,,Business Analyst (SDLC),"Imagine working at the forefront of innovation in fluid-flow technology, with over 1,400 colleagues across the globe, and contributing to a legacy of excellence that spans eight manufacturing facilities on four continents. Armstrong Fluid Technology is more than just a leader in our industry; we are a community of the brightest and most creative minds, driven by a shared mission to engineer the future and safeguard our planet. As part of our team, you'll be immersed in an environment that foste…",,,"Scarborough, Toronto",,,,,,,,,,,,,,,,,,,,,,,,,adzuna_ca,Armstrong Fluid Technology,75000.0,95000.0,ca,[],85000.0
,,Business Systems Analyst,"At CI, we see a great place to work as one that is a safe place for everyone to have a voice, where people are empowered to take ownership over meaningful work, where there is an opportunity to grow through stretching themselves, where they can work on innovative products and projects, and where employees are supported and engaged in doing so. Fixed Term Contract: Up to 12 months We are currently seeking a Business Systems Analyst to join our Digital Marketing team. In this role, you will partn…",,,Canada,,,,,,,,,,,,,,,,,,,,,,,,,adzuna_ca,CI Financial,55000.0,95000.0,ca,[],75000.0
,,25-063 Business Analyst,"Job Description 25-063 Business Analyst Resume Due Date: Wed, July 16th 2025 Number of Vacancies: 1 Level: MP5 Hourly Rate: $80 - $95/hour INC Duration: 12 Months Hours: 35 Location: 700 University Avenue (Hybrid – 2 days remote) Job Overview The ERP Program Business Analyst, reporting into the Digital Technology & Services (DT&S) department, is a vital member of the ERP (Enterprise Resource Planning) Program. This role encompasses pre-planning, feasibility assessment, strategy development, com…",,,"Toronto, Ontario",,,,,,,,,,,,,,,,,,,,,,,,,adzuna_ca,Morson,166400.0,197600.0,ca,[],182000.0
,,Trading Systems Support Analyst,"Best Workplaces™ in Canada 2022 - 2026 | Best Workplaces™ with Most Trusted Executive Teams 2024 - 2026 | Best Workplaces™ in Financial Services & Insurance 2022 - 2026 | Best Workplaces™ for Mental Wellness 2023 - 2026 | Best Workplaces™ for Giving Back 2022 & 2024 | Best Workplaces™ for Inclusion 2021, 2024, 2026 | Best Workplaces™ for Women 2021 | Best Workplaces™ in Ontario™ 2024 - 2025 | Best Workplaces™ for Professional Development 2025, 2026 | Best Workplaces™ for Young Talent 2026 One o…",,,"Berczy Park, City of Toronto",,,,,,,,,,,,,,,,,,,,,,,,,adzuna_ca,Picton Mahoney Asset Management,70000.0,90000.0,ca,[],80000.0
,,Data Analyst - Full-Time/ Permanent,"About the company Tech Wire IT Pty Ltd is an Australian information technology company engaged in the provision of software development, IT consulting, system support, and digital technology solutions. The company is committed to delivering innovative, reliable, and high-quality technology services that help businesses improve operational efficiency and achieve their strategic objectives. Role overview The Data Analyst is responsible for collecting, interpreting, and transforming complex datase…",,,"Adelaide CBD, Adelaide",,,,,,,,,,,,,,,,,,,,,,,,,adzuna_au,TECH WIRE IT PTY LTD,90000.0,110000.0,au,[],100000.0
,,Data Analyst,"Northern Adelaide Local Health Network – Clinical Governance – Elizabeth Vale Salary: $105,747 - $111,854 p.a. plus Superannuation and Salary Sacrifice benefits – ASO6 Ongoing Full-Time About the Role: An exciting opportunity is presented to work within the Northern Adelaide Local Health Network as a Data Analyst within Clinical Governance. Employees classified at this level use very high levels of their technical, corporate, informatics, ‘patient safety and quality’ knowledge, expertise, and e…",,,"Elizabeth Vale, Playford Area",,,,,,,,,,,,,,,,,,,,,,,,,adzuna_au,SA Health,105747.0,111854.0,au,[],108800.5
,,Data Analyst,"Job Description Location: Melbourne, Southeastern Suburbs Salary Package: $115-$125k DOE  Super Role highlights: Support process improvement within a Head Office environment Role Overview This is a highly exciting role within a large complex industrial / manufacturing business whereby an opportunity has arisen for a high-calibre Data Analyst with an Accounting Operations appreciation and a process improvement outlook to join the business. Reporting to an experienced Transactional Finance Manage…",,,"Pinewood, Monash Area",,,,,,,,,,,,,,,,,,,,,,,,,adzuna_au,Reo Group,115000.0,120000.0,au,[],117500.0
,,Senior Data Analyst,"Cadence Connect is partnering with an innovative Australian organisation looking for a Senior Data Analyst to lead its analytics and BI capability. Working closely with engineering and business stakeholders, you'll build trusted datasets, develop scalable data models, improve data quality, and create reporting that drives smarter decision-making across the organisation. What you'll be doing, Design and maintain dimensional data models and transformation pipelines. Build and optimise Power BI da…",,,"Brisbane, Brisbane Region",,,,,,,,,,,,,,,,,,,,,,,,,adzuna_au,Cadence,140000.0,160000.0,au,['Power BI'],150000.0
,,Production Data Analyst,"EX Engineering Pty Ltd is part of IPD Group, a dynamic ASX listed, Australian owned business. We provide design, development and distribution of electrical products and technologies. Electrical hardware distribution with product assembly and workshop for customised solutions. Electrical vehicle charging hardware and infrastructure solutions, providing complete electrical engineering and service provider in high and low voltage projects. Having operated for 65 years we are trusted partner to our…",,,"Canning Vale, Canning Area",,,,,,,,,,,,,,,,,,,,,,,,,adzuna_au,EX Engineering Pty Ltd.,75000.0,85000.0,au,[],80000.0
,,Senior Data Analyst,"Senior Data Analyst – Enterprise Data Analytics Full-Time (35hpw) Permanent Opportunity Salary Range: $ 134, 626 to $ 162,153 plus employer's contribution to superannuation and annual leave loading. Location: Haymarket About t he role: We are seeking an all-rounder Senior Data Analyst to a nalyse complex data from multiple sources to identif y revenue, proces s and business improvement opportunities; providing new informatio n and insights to the business to inform planning, continuous improvem…",,,"The Rocks, Sydney",,,,,,,,,,,,,,,,,,,,,,,,,adzuna_au,NSW Department of Customer Service,134626.0,162153.0,au,[],148389.5
,,People Data Analyst,"Shape workforce insights that inform smarter decisions and strengthen how we support our people across DPHI! Temporary full-time opportunity (35 hours per week) up to 12 months Office located in Parramatta with flexible working supported Salary relative to experience, and ranges from $116,981.00 to $129,491.00 (Clerk Grade 7/8) Join our team and shape your world in a workplace that empowers you to do your best work and build a meaningful career. In this role, you will contribute to shaping live…",,,"Parramatta Area, Western Sydney",,,,,,,,,,,,,,,,,,,,,,,,,adzuna_au,Job Details,116981.0,129491.0,au,[],123236.0
,,Scientific Data Analyst,"For more than 50 years, ENSCO has been providing leading-edge engineering, science and advanced technology solutions to governments and private industries worldwide. ENSCO prides itself in creating and applying advanced technologies for mission success. We provide systems engineering, integration, and advanced technology services to transform the future safety, security, and resiliency of critical missions on the ground, in the air, in space, and in the information systems that connect these do…",,,Australia,,,,,,,,,,,,,,,,,,,,,,,,,adzuna_au,ENSCO,75000.0,130000.0,au,[],102500.0
,,Senior Data Analyst,"Implement your expert data knowledge to drive business objectives and the overall sustainability of DCP. Full-time temporary vacancy available until 30 June 2027 Oversee complex data analysis to fulfill business needs Provide professional consultation that bolsters service standards. Role Status: Full-time temporary vacancy available until 30 June 2027 Remuneration: ASO6 ($105,747 - $111,854) plus 12% superannuation Role Details: Facilitate exemplary outcomes for internal and external customers…",,,"Adelaide CBD, Adelaide",,,,,,,,,,,,,,,,,,,,,,,,,adzuna_au,Department for Child Protection,105747.0,111854.0,au,[],108800.5
,,Senior Business Data Analyst,"TheDriveGroup has partnered with a large Australian brand who are going through a large Data modernisation and Transformation program. They need a solid Senior Business Data Analyst who can stand alone and work in. fast paced lean environment. This role requires someone who has worn a Project Manager hat at times. To be considered for the role you MUST HAVE: - Senior Business Data Analyst - Data Flow, Data Analyst, Data Quality experience - Modern Data Projects - LakeHouse/ Data Warehouse - Str…",,,"Sydney, Sydney Region",,,,,,,,,,,,,,,,,,,,,,,,,adzuna_au,TheDriveGroup,234000.0,247000.0,au,[],240500.0
,,Junior Scientific Data Analyst,"For more than 50 years, ENSCO has been providing leading-edge engineering, science and advanced technology solutions to governments and private industries worldwide. ENSCO prides itself in creating and applying advanced technologies for mission success. We provide systems engineering, integration, and advanced technology services to transform the future safety, security, and resiliency of critical missions on the ground, in the air, in space, and in the information systems that connect these do…",,,Australia,,,,,,,,,,,,,,,,,,,,,,,,,adzuna_au,ENSCO,65500.0,108222.0,au,[],86861.0
,,Senior Data Analyst - Multiple Vacancies,"Com m ission on Excellence and Innovation in Health – Clinical Informatics Directorate Salary: $130,046 to $134,956 – Multiple Vacancies - ASO8 – Full Time / Term Contract Up to 12 Months Overview: The Senior Data Analyst within the Clinical Informatics Directorate (CID) is responsible for delivering high quality analysis, reporting and data insights to support evidence-based decision-making across SA Health. The role focuses on interpreting complex health and service data, developing reports, …",,,Australia,,,,,,,,,,,,,,,,,,,,,,,,,adzuna_au,SA Health,130046.0,134956.0,au,[],132501.0
,,Sr. Healthcare Data Analyst (Medicaid),"This position is listed on behalf of a partner company, who manages all applications and next steps. Our partner is looking for a Sr. Healthcare Data Analyst (Medicaid) based in Australia. This is a senior data analytics opportunity focused on using healthcare data to strengthen Medicaid program oversight. You will analyze large and complex datasets to identify patterns, vulnerabilities, and potential areas of fraud, waste, and abuse. The role combines advanced analytics, Medicaid policy knowle…",,,Australia,,,,,,,,,,,,,,,,,,,,,,,,,adzuna_au,Jobgether,106250.0,143750.0,au,[],125000.0
,,Health Safety And Environment Security Data Analyst,"Personnel Area: Public Transport Services Branch: Strategy and Network Services Salary Range: Band 5 $98,778 - $111,969  Superannuation (Remuneration stated is for the full-time positions) Work type: Temporary Full-time Duration: 3 years Location: Brisbane Square Our Business Public Transport Services (PTS) is a group that brings together several branches which play a vital role delivering safe and reliable public transport for the people of Brisbane. Whether by bus, Metro, CityCat, ferry, e-bi…",,,Australia,,,,,,,,,,,,,,,,,,,,,,,,,adzuna_au,Brisbane City Council,98778.0,111969.0,au,[],105373.5
,,Data & Reporting Analyst,"Gold Coast / Kingscliff based role. 3/2 hybrid environment About Our Client A public sector organisation based in Kingscliff, dedicated to serving the community through data-driven initiatives. Job Description Key Responsibilities* Design, build and maintain Power BI dashboards and reports. * Develop complex SQL queries and work with SQL Server databases. * Use SQL Server Management Studio (SSMS) to interrogate, validate and manage data. * Create and optimise Power Query data models and transfo…",,,"South Yarra, Stonnington Area",,,,,,,,,,,,,,,,,,,,,,,,,adzuna_au,Michael Page,155988.0,176786.0,au,"['SQL', 'Power BI']",166387.0
,,Data Migration Analyst - NetSuite,"Data Analyst required to migrate data from source systems to NetSuite ERP platform for a leading manufacturing business. Responsibilities: leading migration of data to NetSuite managing data governance and integrity developing and maintaining a data dictionary Requirements: strong background working across NetSuite platform good knowledge of ETL tools previous experience working on data migration projects strong SQL and Excel skills If you have strong NetSuite expertise, click on the 'Apply' bu…",,,"Melbourne, Melbourne Region",,,,,,,,,,,,,,,,,,,,,,,,,adzuna_au,FourQuarters,182000.0,182000.0,au,"['SQL', 'Excel', 'ETL']",182000.0
,,Junior Data Governance Analyst,"Looking to build a career in Data Governance? We're partnering with a well-established organisation investing heavily in its enterprise data capability. This is an excellent opportunity for a Data Steward, Junior Data Analyst or Data Management professional to develop your skills across data governance, metadata, data quality and modern data platforms while working alongside experienced governance leaders. You'll play a key role in improving the quality, accessibility and trust of enterprise da…",,,"Sydney, Sydney Region",,,,,,,,,,,,,,,,,,,,,,,,,adzuna_au,TheDriveGroup,100000.0,110000.0,au,[],105000.0
,,Senior Data and Evaluation Analyst,"Senior Data and Evaluation Analyst Clerk Grade: 9/10 Annual Salary Range: $129,464 - $142,665 plus superannuation Employment Type: Temporary role (up to 12 months), open to part-time or job share - possibility for extension or future permanent role - Location: Sydney Are you passionate about working with data to establish causal inference with real world behavioural applications? Do you have experience with randomised controlled trials and/or rigorous observational studies? Can you bring a curi…",,,Australia,,,,,,,,,,,,,,,,,,,,,,,,,adzuna_au,NSW Government,129464.0,142665.0,au,[],136064.5
,,"Senior Business Analyst, Data Migration","Do you want your work to make a difference for NSW? Working to protect the state’s environment and heritage. Temporary full-time role up to 30 June 2028, 35 hours per week Based in Parramatta with flexible working supported Salary relative to experience, and ranges from $133,348 to $146,945  super & leave loading About the team & project The IT Delivery & Transformation team is delivering a range of exciting projects and programs across DCCEEW. As the team continues to grow, we are seeking an e…",,,"Parramatta, Parramatta Area",,,,,,,,,,,,,,,,,,,,,,,,,adzuna_au,Department of Industry,133348.0,146945.0,au,[],140146.5
,,"Senior Business Analyst, Data Migration","Do you want your work to make a difference for NSW? Working to protect the state’s environment and heritage. Temporary full-time role up to 30 June 2028, 35 hours per week Based in Parramatta with flexible working supported Salary relative to experience, and ranges from $133,348 to $146,945  super & leave loading About the team & project The IT Delivery & Transformation team is delivering a range of exciting projects and programs across DCCEEW. As the team continues to grow, we are seeking an e…",,,"Parramatta, Parramatta Area",,,,,,,,,,,,,,,,,,,,,,,,,adzuna_au,Job Details,133348.0,146945.0,au,[],140146.5
,,Junior Business Analyst (Data Analytics),"About the Role Premier Financial Advocates is seeking a motivated and analytical Junior Business Analyst (Data Analytics) to join our growing team. Working under the guidance of senior management, the successful candidate will support business and financial analysis by collecting, analysing and reporting data to assist decision-making and improve business performance. The role involves analysing operational and financial data, monitoring business performance, preparing reports and dashboards, a…",,,"Wheelers Hill, Monash Area",,,,,,,,,,,,,,,,,,,,,,,,,adzuna_au,Premier Financial Advocates,80000.0,95000.0,au,[],87500.0
,,Digital Business Analyst,"Digital Business Analyst Melbourne Location 6-Month Assignment with possible extension Hybrid working environment. Green Light Worldwide have a requirement with our client partner for a Digital Business Analyst join their team on a 6-month assignment with possible extensions Responsibilities: Gather, document, and validate functional and non‑functional requirements for the MAS 9.1 Gather, analyse and document business and customer requirements. Facilitate workshops, discovery sessions and stake…",,,"Victoria, Australia",,,,,,,,,,,,,,,,,,,,,,,,,adzuna_au,Green Light,195000.0,195000.0,au,[],195000.0
,,Business Analyst - Digital ID,"Job Title: Senior Business Analyst - Digital Identity & Salesforce Location: Brisbane CBD (Hybrid - 3 days in office / 60%) Contract Duration: Immediate Start - June 30, 2027 (Long-term Contract) Daily Rate: $950 - $1,075 per day (inc. super) , depending on experience About the Opportunity We are currently partnering with a leading Queensland State Government regulatory agency to recruit an experienced Senior Business Analyst for a high-profile, strategic Digital Identity & Verification initiat…",,,"Brisbane, Brisbane Region",,,,,,,,,,,,,,,,,,,,,,,,,adzuna_au,Redwolf Rosch,247000.0,279500.0,au,['CRM'],263250.0
,,Digital Experience And Insights Analyst,"Personnel Area: Governance and Legal Services Branch: Strategic Communication and Engagement Salary Range: Band 7 - $132,572 - $144,942 AUD per annum  superannuation (Remuneration stated is for a full-time position) Work type: Temporary Full-time Duration : up to 12 months with possible extension/s Location: Brisbane CBD & Fortitude Valley About us Brisbane City Council's Digital Channels and Applied AI team brings together specialists in digital strategy, customer and user experience, content,…",,,Australia,,,,,,,,,,,,,,,,,,,,,,,,,adzuna_au,Brisbane City Council,132572.0,144942.0,au,[],138757.0
,,Digital Health Analyst - PAS Workstream & Non Clinical Talent Pool - Single Digital Patient Record,"Position : Digital Health Analyst - Single Digital Patient Record Award : Health Manager Level 2 Employment Type : Permanent & Temporary Full Time Opportunities Opportunity to work from our modern Chatswood, St Leonards office Attractive salary starting from $114,251.00 up to $134,809.00  12% Super and annual leave loading Allocated day off per month, salary packaging, discounted fitness passport and more! Join the team enriching health in millions of ways every day through digital innovation A…",,,Australia,,,,,,,,,,,,,,,,,,,,,,,,,adzuna_au,NSW Government,114251.0,134809.0,au,[],124530.0
,,Principal Business Analyst - Single Digital Patient Record,"Position : Principal Business Analyst (multiple roles) Award : Health Manager Level 4 Employment Type : Permanent Full Time Opportunity to work from our modern Chatswood/St Leonards offices Attractive salary, up to $147,653 up to $175,917  12% Super and annual leave loading Allocated day off per month, salary packaging, discounted fitness passport and more Join the team enriching health in millions of ways every day through digital innovation Applications Close: 11:59pm, 12 April 2026 About Us …",,,Australia,,,,,,,,,,,,,,,,,,,,,,,,,adzuna_au,NSW Government,147653.0,175917.0,au,[],161785.0
,,Digital Producer,"Expertech is looking for a capable and adaptable Digital Producer to join our client’s digital team on an initial 6-month contract , with the potential for extension or a permanent opportunity. This is a hands-on, multidisciplinary role suited to someone who enjoys working across digital delivery rather than being confined to a single lane. You’ll work with stakeholders, content teams, designers and technical teams to turn business needs into clear requirements and help deliver high-quality dig…",,,"Sydney, Sydney Region",,,,,,,,,,,,,,,,,,,,,,,,,adzuna_au,ExperTech,195000.0,208000.0,au,[],201500.0
,,Senior Business Analyst - AS08 - Multiple,"Senior Business Analyst – Digital Transformation - AS08 - 6-Month Contract | Multiple Opportunities | Adelaide | Immediate Start The Company Join a leading South Australian government organisation driving one of the state's largest digital transformation programs. These exciting contract opportunities will see you contribute to projects that are modernising critical digital and clinical systems, improving patient outcomes, enhancing service delivery, and supporting the future of healthcare acro…",,,"Adelaide, Adelaide Region",,,,,,,,,,,,,,,,,,,,,,,,,adzuna_au,Redwolf Rosch,120000.0,120000.0,au,[],120000.0
,,Senior Test Analyst,"Multiple Senior Test Analyst roles | Web and Digital Projects Based in Adelaide | Hybrid – Office (min 2 days) / WFH Market Rates | 6-month contract  extensions We are on the search for multiple experienced Senior Test Analysts for contract opportunities based in Adelaide CBD. This is a full-time contract engagement for an initial period of 6 months , with the possibility of extension. This role will play a critical part in ensuring the quality, reliability, and successful delivery in a number …",,,"Adelaide, Adelaide Region",,,,,,,,,,,,,,,,,,,,,,,,,adzuna_au,Hudson,176800.0,228800.0,au,[],202800.0
,,Business Analyst,"Business Analyst Branch and Division: Digital & Strategic Programs, Building Commission NSW Employment Type: Temporary up to 12 months Location: Parramatta or Sydney. Office attendance required 2 – 3 days per week. About the Building Commission NSW Established in December 2023, Building Commission NSW (BCNSW) is the building regulator for the construction industry in New South Wales. The new commission will not only be the industry regulator, but also a collaborator with consumers and industry …",,,Australia,,,,,,,,,,,,,,,,,,,,,,,,,adzuna_au,NSW Government,113574.0,125720.0,au,[],119647.0
